CREATE DATABASE /*!32312 IF NOT EXISTS*/ `fitness` /*!40100 DEFAULT CHARACTER SET utf8 */;

USE `fitness`;

--
-- Table structure for table `TB_CD_GRP`
--

DROP TABLE IF EXISTS `TB_CD_GRP`;
CREATE TABLE `TB_CD_GRP` (
  `GRP_ID` varchar(10) NOT NULL,
  `GRP_CD` char(2) NOT NULL,
  `GRP_NM_ENG` varchar(100) DEFAULT NULL,
  `GRP_NM` varchar(100) DEFAULT NULL,
  `GRP_DTL` varchar(1000) DEFAULT NULL,
  `USE_YN` char(1) DEFAULT 'Y',
  `REG_DT` datetime DEFAULT CURRENT_TIMESTAMP,
  `UDP_DT` datetime DEFAULT NULL ON UPDATE CURRENT_TIMESTAMP,
  PRIMARY KEY (`GRP_ID`)
) ENGINE=InnoDB DEFAULT CHARSET=utf8;

INSERT INTO TB_CD_GRP (GRP_ID,GRP_CD,GRP_NM_ENG,GRP_NM,GRP_DTL) VALUES ('GRP0000001','01','weight','무게','무게단위');
INSERT INTO TB_CD_GRP (GRP_ID,GRP_CD,GRP_NM_ENG,GRP_NM,GRP_DTL) VALUES ('GRP0000002','02','volume','부피','부피단위');
INSERT INTO TB_CD_GRP (GRP_ID,GRP_CD,GRP_NM_ENG,GRP_NM,GRP_DTL) VALUES ('GRP0000003','03','kind','분류','음식분류');
INSERT INTO TB_CD_GRP (GRP_ID,GRP_CD,GRP_NM_ENG,GRP_NM,GRP_DTL) VALUES ('GRP0000004','04','unit','단위종류','Fitness-단위종류');
INSERT INTO TB_CD_GRP (GRP_ID,GRP_CD,GRP_NM_ENG,GRP_NM,GRP_DTL) VALUES ('GRP0000005','05','exercise','운동단위','운동단위');
INSERT INTO TB_CD_GRP (GRP_ID,GRP_CD,GRP_NM_ENG,GRP_NM,GRP_DTL) VALUES ('GRP0000006','06','gender','성별','성별');
INSERT INTO TB_CD_GRP (GRP_ID,GRP_CD,GRP_NM_ENG,GRP_NM,GRP_DTL) VALUES ('GRP0000007','07','role','역할','역할');
INSERT INTO TB_CD_GRP (GRP_ID,GRP_CD,GRP_NM_ENG,GRP_NM,GRP_DTL) VALUES ('GRP0000008','08','Food-Amount','음식양','음식양');

--
-- Table structure for table `TB_CMM_CD`
--

DROP TABLE IF EXISTS `TB_CMM_CD`;
CREATE TABLE `TB_CMM_CD` (
  `CMM_CD_ID` varchar(10) NOT NULL,
  `CMM_CD` char(2) NOT NULL,
  `CMM_CD_NM_ENG` varchar(100) DEFAULT NULL,
  `CMM_CD_NM` varchar(100) DEFAULT NULL,
  `GRP_CD` char(2) NOT NULL,
  `CMM_CD_DTL` varchar(1000) DEFAULT NULL,
  `USE_YN` char(1) DEFAULT 'Y',
  `REG_DT` datetime DEFAULT CURRENT_TIMESTAMP,
  `UDP_DT` datetime DEFAULT NULL ON UPDATE CURRENT_TIMESTAMP,
  PRIMARY KEY (`CMM_CD_ID`)
) ENGINE=InnoDB DEFAULT CHARSET=utf8;


INSERT INTO `TB_CMM_CD` (CMM_CD_ID,CMM_CD,CMM_CD_NM_ENG,CMM_CD_NM,GRP_CD,CMM_CD_DTL) VALUES ('CMM0000001','01','G','그램','01','그램');
INSERT INTO `TB_CMM_CD` (CMM_CD_ID,CMM_CD,CMM_CD_NM_ENG,CMM_CD_NM,GRP_CD,CMM_CD_DTL) VALUES ('CMM0000002','02','kG','킬로그램','01','킬로그램');
INSERT INTO `TB_CMM_CD` (CMM_CD_ID,CMM_CD,CMM_CD_NM_ENG,CMM_CD_NM,GRP_CD,CMM_CD_DTL) VALUES ('CMM0000003','03','mG','밀리그램','01','밀리그램');
INSERT INTO `TB_CMM_CD` (CMM_CD_ID,CMM_CD,CMM_CD_NM_ENG,CMM_CD_NM,GRP_CD,CMM_CD_DTL) VALUES ('CMM0000004','04','cc','씨씨','02','씨씨');
INSERT INTO `TB_CMM_CD` (CMM_CD_ID,CMM_CD,CMM_CD_NM_ENG,CMM_CD_NM,GRP_CD,CMM_CD_DTL) VALUES ('CMM0000005','05','mL','밀리리터','02','밀리리터');
INSERT INTO `TB_CMM_CD` (CMM_CD_ID,CMM_CD,CMM_CD_NM_ENG,CMM_CD_NM,GRP_CD,CMM_CD_DTL) VALUES ('CMM0000006','06','L','리터','02','리터');
INSERT INTO `TB_CMM_CD` (CMM_CD_ID,CMM_CD,CMM_CD_NM_ENG,CMM_CD_NM,GRP_CD,CMM_CD_DTL) VALUES ('CMM0000007','S0','snack','과자/간식','03','과자/간식');
INSERT INTO `TB_CMM_CD` (CMM_CD_ID,CMM_CD,CMM_CD_NM_ENG,CMM_CD_NM,GRP_CD,CMM_CD_DTL) VALUES ('CMM0000008','D0','drink','차/음료','03','차/음료');
INSERT INTO `TB_CMM_CD` (CMM_CD_ID,CMM_CD,CMM_CD_NM_ENG,CMM_CD_NM,GRP_CD,CMM_CD_DTL) VALUES ('CMM0000009','A0','liquors','주류','03','주류');
INSERT INTO `TB_CMM_CD` (CMM_CD_ID,CMM_CD,CMM_CD_NM_ENG,CMM_CD_NM,GRP_CD,CMM_CD_DTL) VALUES ('CMM0000010','FR','fruit','과일','03','과일');
INSERT INTO `TB_CMM_CD` (CMM_CD_ID,CMM_CD,CMM_CD_NM_ENG,CMM_CD_NM,GRP_CD,CMM_CD_DTL) VALUES ('CMM0000011','M0','meal','식사/찬','03','식사/찬');
INSERT INTO `TB_CMM_CD` (CMM_CD_ID,CMM_CD,CMM_CD_NM_ENG,CMM_CD_NM,GRP_CD,CMM_CD_DTL) VALUES ('CMM0000012','12','food','음식','04','음식');
INSERT INTO `TB_CMM_CD` (CMM_CD_ID,CMM_CD,CMM_CD_NM_ENG,CMM_CD_NM,GRP_CD,CMM_CD_DTL) VALUES ('CMM0000013','13','exercise','운동','04','운동');
INSERT INTO `TB_CMM_CD` (CMM_CD_ID,CMM_CD,CMM_CD_NM_ENG,CMM_CD_NM,GRP_CD,CMM_CD_DTL) VALUES ('CMM0000014','14','meter','미터','05','미터');
INSERT INTO `TB_CMM_CD` (CMM_CD_ID,CMM_CD,CMM_CD_NM_ENG,CMM_CD_NM,GRP_CD,CMM_CD_DTL) VALUES ('CMM0000015','15','KM','킬로미터','05','킬로미터');
INSERT INTO `TB_CMM_CD` (CMM_CD_ID,CMM_CD,CMM_CD_NM_ENG,CMM_CD_NM,GRP_CD,CMM_CD_DTL) VALUES ('CMM0000016','16','round','회/보','05','회/보');
INSERT INTO `TB_CMM_CD` (CMM_CD_ID,CMM_CD,CMM_CD_NM_ENG,CMM_CD_NM,GRP_CD,CMM_CD_DTL) VALUES ('CMM0000017','17','sec','초(sec)','05','초(sec)');
INSERT INTO `TB_CMM_CD` (CMM_CD_ID,CMM_CD,CMM_CD_NM_ENG,CMM_CD_NM,GRP_CD,CMM_CD_DTL) VALUES ('CMM0000018','18','minute','분(m)','05','분(m)');
INSERT INTO `TB_CMM_CD` (CMM_CD_ID,CMM_CD,CMM_CD_NM_ENG,CMM_CD_NM,GRP_CD,CMM_CD_DTL) VALUES ('CMM0000019','19','hour','시간(h)','05','시간(h)');
INSERT INTO `TB_CMM_CD` (CMM_CD_ID,CMM_CD,CMM_CD_NM_ENG,CMM_CD_NM,GRP_CD,CMM_CD_DTL) VALUES ('CMM0000020','20','Man','남자','06','남자');
INSERT INTO `TB_CMM_CD` (CMM_CD_ID,CMM_CD,CMM_CD_NM_ENG,CMM_CD_NM,GRP_CD,CMM_CD_DTL) VALUES ('CMM0000021','21','Woman','여자','06','여자');
INSERT INTO `TB_CMM_CD` (CMM_CD_ID,CMM_CD,CMM_CD_NM_ENG,CMM_CD_NM,GRP_CD,CMM_CD_DTL) VALUES ('CMM0000022','22','Both sexes','양성','06','양성');
INSERT INTO `TB_CMM_CD` (CMM_CD_ID,CMM_CD,CMM_CD_NM_ENG,CMM_CD_NM,GRP_CD,CMM_CD_DTL) VALUES ('CMM0000023','23','CUSTOMER','고객','07','고객');
INSERT INTO `TB_CMM_CD` (CMM_CD_ID,CMM_CD,CMM_CD_NM_ENG,CMM_CD_NM,GRP_CD,CMM_CD_DTL) VALUES ('CMM0000024','24','STAFF','스탭','07','스탭');
INSERT INTO `TB_CMM_CD` (CMM_CD_ID,CMM_CD,CMM_CD_NM_ENG,CMM_CD_NM,GRP_CD,CMM_CD_DTL) VALUES ('CMM0000025','25','ADMIN','어드민','07','어드민');
INSERT INTO `TB_CMM_CD` (CMM_CD_ID,CMM_CD,CMM_CD_NM_ENG,CMM_CD_NM,GRP_CD,CMM_CD_DTL) VALUES ('CMM0000026','B0','Bottle(ml)','병(ml)','08','병(ml)');
INSERT INTO `TB_CMM_CD` (CMM_CD_ID,CMM_CD,CMM_CD_NM_ENG,CMM_CD_NM,GRP_CD,CMM_CD_DTL) VALUES ('CMM0000027','B1','Bottle(g)','병(g)','08','병(g)');
INSERT INTO `TB_CMM_CD` (CMM_CD_ID,CMM_CD,CMM_CD_NM_ENG,CMM_CD_NM,GRP_CD,CMM_CD_DTL) VALUES ('CMM0000028','B2','Bowl(ml)','공기(ml)','08','그릇/공기/사발/개(ml)');
INSERT INTO `TB_CMM_CD` (CMM_CD_ID,CMM_CD,CMM_CD_NM_ENG,CMM_CD_NM,GRP_CD,CMM_CD_DTL) VALUES ('CMM0000029','B3','Bowl(g)','공기(g)','08','그릇/공기/사발/개(g)');
INSERT INTO `TB_CMM_CD` (CMM_CD_ID,CMM_CD,CMM_CD_NM_ENG,CMM_CD_NM,GRP_CD,CMM_CD_DTL) VALUES ('CMM0000030','C0','Cup(ml)','컵(ml)','08','컵/잔(ml)');
INSERT INTO `TB_CMM_CD` (CMM_CD_ID,CMM_CD,CMM_CD_NM_ENG,CMM_CD_NM,GRP_CD,CMM_CD_DTL) VALUES ('CMM0000031','C1','Cup(g)','컵(g)','08','컵/잔(g)');
INSERT INTO `TB_CMM_CD` (CMM_CD_ID,CMM_CD,CMM_CD_NM_ENG,CMM_CD_NM,GRP_CD,CMM_CD_DTL) VALUES ('CMM0000032','C2','Can(ml)','캔(ml)','08','캔(ml)');
INSERT INTO `TB_CMM_CD` (CMM_CD_ID,CMM_CD,CMM_CD_NM_ENG,CMM_CD_NM,GRP_CD,CMM_CD_DTL) VALUES ('CMM0000033','C3','Can(g)','캔(g)','08','캔(g)');
INSERT INTO `TB_CMM_CD` (CMM_CD_ID,CMM_CD,CMM_CD_NM_ENG,CMM_CD_NM,GRP_CD,CMM_CD_DTL) VALUES ('CMM0000034','D0','Dish(g)','접시(g)','08','접시(g)');
INSERT INTO `TB_CMM_CD` (CMM_CD_ID,CMM_CD,CMM_CD_NM_ENG,CMM_CD_NM,GRP_CD,CMM_CD_DTL) VALUES ('CMM0000035','E0','Etc(ml)','개(ml)','08','개(ml)');
INSERT INTO `TB_CMM_CD` (CMM_CD_ID,CMM_CD,CMM_CD_NM_ENG,CMM_CD_NM,GRP_CD,CMM_CD_DTL) VALUES ('CMM0000036','E1','Etc(g)','개(g)','08','개(g)');
INSERT INTO `TB_CMM_CD` (CMM_CD_ID,CMM_CD,CMM_CD_NM_ENG,CMM_CD_NM,GRP_CD,CMM_CD_DTL) VALUES ('CMM0000037','E2','Etc','개','08','개/스틱');
INSERT INTO `TB_CMM_CD` (CMM_CD_ID,CMM_CD,CMM_CD_NM_ENG,CMM_CD_NM,GRP_CD,CMM_CD_DTL) VALUES ('CMM0000038','G0','Glass(ml)','잔(ml)','08','잔(ml)');
INSERT INTO `TB_CMM_CD` (CMM_CD_ID,CMM_CD,CMM_CD_NM_ENG,CMM_CD_NM,GRP_CD,CMM_CD_DTL) VALUES ('CMM0000039','G1','Glass(g)','잔(g)','08','잔(g)');
INSERT INTO `TB_CMM_CD` (CMM_CD_ID,CMM_CD,CMM_CD_NM_ENG,CMM_CD_NM,GRP_CD,CMM_CD_DTL) VALUES ('CMM0000040','P0','Pack(ml)','팩/봉(ml)','08','팩/봉(ml)');
INSERT INTO `TB_CMM_CD` (CMM_CD_ID,CMM_CD,CMM_CD_NM_ENG,CMM_CD_NM,GRP_CD,CMM_CD_DTL) VALUES ('CMM0000041','P1','Pack(g)','팩/봉(g)','08','팩/봉(g)');
INSERT INTO `TB_CMM_CD` (CMM_CD_ID,CMM_CD,CMM_CD_NM_ENG,CMM_CD_NM,GRP_CD,CMM_CD_DTL) VALUES ('CMM0000042','P2','Piece(g)','조각/개(g)','08','조각/개(g)');
INSERT INTO `TB_CMM_CD` (CMM_CD_ID,CMM_CD,CMM_CD_NM_ENG,CMM_CD_NM,GRP_CD,CMM_CD_DTL) VALUES ('CMM0000043','P3','Piece(g)','인분(g)','08','인분(g)');

--
-- Table structure for table `TB_EXC_PARM`
--

DROP TABLE IF EXISTS `TB_EXC_UNIT_CAL`;
CREATE TABLE `TB_EXC_UNIT_CAL` (
  `EXC_ID` VARCHAR(10) NOT NULL COMMENT '아이디',
  `EXC_NM_ENG` varchar(100) NULL COMMENT '운동영문명',
  `EXC_NM` varchar(100) NOT NULL COMMENT '운동명',
  `DSC` varchar(1000) DEFAULT NULL COMMENT '설명',
  `UNIT_CAL_VAL` decimal(10,5) DEFAULT NULL COMMENT '단위칼로리',
  `AMT_UNT_ID` VARCHAR(10) DEFAULT NULL COMMENT '측정단위코드',
  `USE_YN` char(1) DEFAULT 'Y' COMMENT '사용유무',
  `REG_DT` datetime DEFAULT CURRENT_TIMESTAMP COMMENT '입력일',
  `UDP_DT` datetime DEFAULT NULL ON UPDATE CURRENT_TIMESTAMP COMMENT '변경일',
  PRIMARY KEY (`EXC_ID`)
) ENGINE=InnoDB DEFAULT CHARSET=utf8;

INSERT INTO TB_EXC_UNIT_CAL (EXC_ID, EXC_NM_ENG, EXC_NM, DSC, UNIT_CAL_VAL, AMT_UNT_ID) VALUES ('EX00000001','bicycling stationary', '실내사이클', '실내사이클(헬쓰)', 0.122, 'CMM0000018');
INSERT INTO TB_EXC_UNIT_CAL (EXC_ID, EXC_NM_ENG, EXC_NM, DSC, UNIT_CAL_VAL, AMT_UNT_ID) VALUES ('EX00000002','Running', '달리기', '달리기 ', 0.122, 'CMM0000018');
INSERT INTO TB_EXC_UNIT_CAL (EXC_ID, EXC_NM_ENG, EXC_NM, DSC, UNIT_CAL_VAL, AMT_UNT_ID) VALUES ('EX00000003','Walking', '걷기 ', '걷기', 0.066, 'CMM0000018');
INSERT INTO TB_EXC_UNIT_CAL (EXC_ID, EXC_NM_ENG, EXC_NM, DSC, UNIT_CAL_VAL, AMT_UNT_ID) VALUES ('EX00000004','stairs', '계산오르기', '계산오르기', 0.122, 'CMM0000018');
INSERT INTO TB_EXC_UNIT_CAL (EXC_ID, EXC_NM_ENG, EXC_NM, DSC, UNIT_CAL_VAL, AMT_UNT_ID) VALUES ('EX00000005','hiking', '등산 ', '등산 ', 0.14, 'CMM0000018');
INSERT INTO TB_EXC_UNIT_CAL (EXC_ID, EXC_NM_ENG, EXC_NM, DSC, UNIT_CAL_VAL, AMT_UNT_ID) VALUES ('EX00000006','Swimming', '수영 ', '수영 ', 0.158, 'CMM0000018');
INSERT INTO TB_EXC_UNIT_CAL (EXC_ID, EXC_NM_ENG, EXC_NM, DSC, UNIT_CAL_VAL, AMT_UNT_ID) VALUES ('EX00000007','yoga', '요가', '요가', 0.044, 'CMM0000018');
INSERT INTO TB_EXC_UNIT_CAL (EXC_ID, EXC_NM_ENG, EXC_NM, DSC, UNIT_CAL_VAL, AMT_UNT_ID) VALUES ('EX00000008','boxing', '복싱', '복싱', 0.176, 'CMM0000018');
INSERT INTO TB_EXC_UNIT_CAL (EXC_ID, EXC_NM_ENG, EXC_NM, DSC, UNIT_CAL_VAL, AMT_UNT_ID) VALUES ('EX00000009','Jump Rope', '줄넘기', '줄넘기',  0.176, 'CMM0000018');
INSERT INTO TB_EXC_UNIT_CAL (EXC_ID, EXC_NM_ENG, EXC_NM, DSC, UNIT_CAL_VAL, AMT_UNT_ID) VALUES ('EX00000010','Cycle', '자전거', '자전거',  0.14, 'CMM0000018');
INSERT INTO TB_EXC_UNIT_CAL (EXC_ID, EXC_NM_ENG, EXC_NM, DSC, UNIT_CAL_VAL, AMT_UNT_ID) VALUES ('EX00000011','squat', '스쿼트', '스쿼트',   0.122, 'CMM0000018');
INSERT INTO TB_EXC_UNIT_CAL (EXC_ID, EXC_NM_ENG, EXC_NM, DSC, UNIT_CAL_VAL, AMT_UNT_ID) VALUES ('EX00000012','squash', '스쿼시', '스쿼시',   0.21, 'CMM0000018');
INSERT INTO TB_EXC_UNIT_CAL (EXC_ID, EXC_NM_ENG, EXC_NM, DSC, UNIT_CAL_VAL, AMT_UNT_ID) VALUES ('EX00000013','hula hoop', '훌라후프', '훌라후프',   0.07, 'CMM0000018');
INSERT INTO TB_EXC_UNIT_CAL (EXC_ID, EXC_NM_ENG, EXC_NM, DSC, UNIT_CAL_VAL, AMT_UNT_ID) VALUES ('EX00000014','treadmill', '러닝머신', '러닝머신',   0.184, 'CMM0000018');
INSERT INTO TB_EXC_UNIT_CAL (EXC_ID, EXC_NM_ENG, EXC_NM, DSC, UNIT_CAL_VAL, AMT_UNT_ID) VALUES ('EX00000015','aerobic', '에어로빅', '에어로빅',   0.106, 'CMM0000018');
INSERT INTO TB_EXC_UNIT_CAL (EXC_ID, EXC_NM_ENG, EXC_NM, DSC, UNIT_CAL_VAL, AMT_UNT_ID) VALUES ('EX00000016','situp', '윗몸일으키기', '윗몸일으키기',   0.14, 'CMM0000018');

--
-- Table structure for table `TB_FS_UNIT`
--

DROP TABLE IF EXISTS `TB_FS_UNIT`;
CREATE TABLE `TB_FS_UNIT` (
  `FS_ID` VARCHAR(10) NOT NULL,
  `FS_VAL` int(11) NOT NULL,
  `FS_NM_ENG` varchar(100) DEFAULT NULL,
  `FS_NM` varchar(100) DEFAULT NULL,
  `FS_DTL` varchar(1000) DEFAULT NULL,
  `CD_PRFX_ID` VARCHAR(10) DEFAULT NULL,
  `FS_TP_ID` VARCHAR(10) DEFAULT NULL,
  `BS_UNT_VAL` int(11) DEFAULT NULL,
  `FS_UNT_VAL` int(11) DEFAULT NULL,
  `USE_YN` char(1) DEFAULT 'Y',
  `REG_DT` datetime DEFAULT CURRENT_TIMESTAMP,
  `UDP_DT` datetime DEFAULT NULL ON UPDATE CURRENT_TIMESTAMP,
  PRIMARY KEY (`FS_ID`)
) ENGINE=InnoDB DEFAULT CHARSET=utf8;

INSERT INTO `TB_FS_UNIT` (FS_ID, FS_VAL, FS_NM_ENG, FS_NM, FS_DTL, CD_PRFX_ID, FS_TP_ID, BS_UNT_VAL, FS_UNT_VAL) VALUES ('B000000065', 1,'bottle(65ml)','병(65ml)','병(65ml)','CMM0000026','CMM0000005',1,65);
INSERT INTO `TB_FS_UNIT` (FS_ID, FS_VAL, FS_NM_ENG, FS_NM, FS_DTL, CD_PRFX_ID, FS_TP_ID, BS_UNT_VAL, FS_UNT_VAL) VALUES ('B000000150', 1,'bottle(150)','병(150)','병(150ml)','CMM0000026','CMM0000005',1,150);
INSERT INTO `TB_FS_UNIT` (FS_ID, FS_VAL, FS_NM_ENG, FS_NM, FS_DTL, CD_PRFX_ID, FS_TP_ID, BS_UNT_VAL, FS_UNT_VAL) VALUES ('B000000180', 1,'bottle(180)','병(180)','병(180ml)','CMM0000026','CMM0000005',1,180);
INSERT INTO `TB_FS_UNIT` (FS_ID, FS_VAL, FS_NM_ENG, FS_NM, FS_DTL, CD_PRFX_ID, FS_TP_ID, BS_UNT_VAL, FS_UNT_VAL) VALUES ('B000000200', 1,'bottle(200)','병(200)','병(200ml)','CMM0000026','CMM0000005',1,200);
INSERT INTO `TB_FS_UNIT` (FS_ID, FS_VAL, FS_NM_ENG, FS_NM, FS_DTL, CD_PRFX_ID, FS_TP_ID, BS_UNT_VAL, FS_UNT_VAL) VALUES ('B000000237', 1,'bottle(237)','병(237)','병(237ml)','CMM0000026','CMM0000005',1,237);
INSERT INTO `TB_FS_UNIT` (FS_ID, FS_VAL, FS_NM_ENG, FS_NM, FS_DTL, CD_PRFX_ID, FS_TP_ID, BS_UNT_VAL, FS_UNT_VAL) VALUES ('B000000330', 1,'bottle(330)','병(330)','병(330ml)','CMM0000026','CMM0000005',1,330);
INSERT INTO `TB_FS_UNIT` (FS_ID, FS_VAL, FS_NM_ENG, FS_NM, FS_DTL, CD_PRFX_ID, FS_TP_ID, BS_UNT_VAL, FS_UNT_VAL) VALUES ('B000000340', 1,'bottle(340)','병(340)','병(340ml)','CMM0000026','CMM0000005',1,340);
INSERT INTO `TB_FS_UNIT` (FS_ID, FS_VAL, FS_NM_ENG, FS_NM, FS_DTL, CD_PRFX_ID, FS_TP_ID, BS_UNT_VAL, FS_UNT_VAL) VALUES ('B000000355', 1,'bottle(355)','병(355)','병(355ml)','CMM0000026','CMM0000005',1,355);
INSERT INTO `TB_FS_UNIT` (FS_ID, FS_VAL, FS_NM_ENG, FS_NM, FS_DTL, CD_PRFX_ID, FS_TP_ID, BS_UNT_VAL, FS_UNT_VAL) VALUES ('B000000360', 1,'bottle(360)','병(360)','병(360ml)','CMM0000026','CMM0000005',1,360);
INSERT INTO `TB_FS_UNIT` (FS_ID, FS_VAL, FS_NM_ENG, FS_NM, FS_DTL, CD_PRFX_ID, FS_TP_ID, BS_UNT_VAL, FS_UNT_VAL) VALUES ('B000000500', 1,'bottle(500)','병(500)','병(500ml)','CMM0000026','CMM0000005',1,500);
INSERT INTO `TB_FS_UNIT` (FS_ID, FS_VAL, FS_NM_ENG, FS_NM, FS_DTL, CD_PRFX_ID, FS_TP_ID, BS_UNT_VAL, FS_UNT_VAL) VALUES ('B100000100', 1,'bottle(100g)','병(100g)','병(100g)','CMM0000026','CMM0000001',1,100);
INSERT INTO `TB_FS_UNIT` (FS_ID, FS_VAL, FS_NM_ENG, FS_NM, FS_DTL, CD_PRFX_ID, FS_TP_ID, BS_UNT_VAL, FS_UNT_VAL) VALUES ('B100000150', 1,'bottle(150g)','병(150g)','병(150g)','CMM0000026','CMM0000001',1,150);
INSERT INTO `TB_FS_UNIT` (FS_ID, FS_VAL, FS_NM_ENG, FS_NM, FS_DTL, CD_PRFX_ID, FS_TP_ID, BS_UNT_VAL, FS_UNT_VAL) VALUES ('B300000200', 1,'bowl(200g)','사발/공기(200g)','사발/공기/그릇/개(200g)','CMM0000028','CMM0000001',1,200);
INSERT INTO `TB_FS_UNIT` (FS_ID, FS_VAL, FS_NM_ENG, FS_NM, FS_DTL, CD_PRFX_ID, FS_TP_ID, BS_UNT_VAL, FS_UNT_VAL) VALUES ('B300000525', 1,'bowl(525g)','사발/공기(525g)','사발/공기/그릇/개(525g)','CMM0000028','CMM0000001',1,525);
INSERT INTO `TB_FS_UNIT` (FS_ID, FS_VAL, FS_NM_ENG, FS_NM, FS_DTL, CD_PRFX_ID, FS_TP_ID, BS_UNT_VAL, FS_UNT_VAL) VALUES ('C000000050', 1,'cup(50ml)','컵/잔(50ml)','컵/잔(50ml)','CMM0000029','CMM0000001',1,50);
INSERT INTO `TB_FS_UNIT` (FS_ID, FS_VAL, FS_NM_ENG, FS_NM, FS_DTL, CD_PRFX_ID, FS_TP_ID, BS_UNT_VAL, FS_UNT_VAL) VALUES ('C000000100', 1,'cup(100ml)','컵/잔(100ml)','컵/잔(100ml)','CMM0000029','CMM0000001',1,100);
INSERT INTO `TB_FS_UNIT` (FS_ID, FS_VAL, FS_NM_ENG, FS_NM, FS_DTL, CD_PRFX_ID, FS_TP_ID, BS_UNT_VAL, FS_UNT_VAL) VALUES ('C000000250', 1,'cup(250ml)','컵/잔(250ml)','컵/잔(250ml)','CMM0000029','CMM0000001',1,250);
INSERT INTO `TB_FS_UNIT` (FS_ID, FS_VAL, FS_NM_ENG, FS_NM, FS_DTL, CD_PRFX_ID, FS_TP_ID, BS_UNT_VAL, FS_UNT_VAL) VALUES ('C000000335', 1,'cup(335ml)','컵/잔(335ml)','컵/잔(335ml)','CMM0000029','CMM0000001',1,335);
INSERT INTO `TB_FS_UNIT` (FS_ID, FS_VAL, FS_NM_ENG, FS_NM, FS_DTL, CD_PRFX_ID, FS_TP_ID, BS_UNT_VAL, FS_UNT_VAL) VALUES ('C000000500', 1,'cup(500ml)','컵/잔(500ml)','컵/잔(500ml)','CMM0000029','CMM0000001',1,500);
INSERT INTO `TB_FS_UNIT` (FS_ID, FS_VAL, FS_NM_ENG, FS_NM, FS_DTL, CD_PRFX_ID, FS_TP_ID, BS_UNT_VAL, FS_UNT_VAL) VALUES ('C200000190', 1,'can(190ml)','캔(190ml)','캔(190ml)','CMM0000031','CMM0000005',1,190);
INSERT INTO `TB_FS_UNIT` (FS_ID, FS_VAL, FS_NM_ENG, FS_NM, FS_DTL, CD_PRFX_ID, FS_TP_ID, BS_UNT_VAL, FS_UNT_VAL) VALUES ('C200000200', 1,'can(200ml)','캔(200ml)','캔(200ml)','CMM0000031','CMM0000005',1,200);
INSERT INTO `TB_FS_UNIT` (FS_ID, FS_VAL, FS_NM_ENG, FS_NM, FS_DTL, CD_PRFX_ID, FS_TP_ID, BS_UNT_VAL, FS_UNT_VAL) VALUES ('C200000240', 1,'can(240ml)','캔(240ml)','캔(240ml)','CMM0000031','CMM0000005',1,240);
INSERT INTO `TB_FS_UNIT` (FS_ID, FS_VAL, FS_NM_ENG, FS_NM, FS_DTL, CD_PRFX_ID, FS_TP_ID, BS_UNT_VAL, FS_UNT_VAL) VALUES ('C200000250', 1,'can(250ml)','캔(250ml)','캔(250ml)','CMM0000031','CMM0000005',1,250);
INSERT INTO `TB_FS_UNIT` (FS_ID, FS_VAL, FS_NM_ENG, FS_NM, FS_DTL, CD_PRFX_ID, FS_TP_ID, BS_UNT_VAL, FS_UNT_VAL) VALUES ('C200000350', 1,'can(350ml)','캔(350ml)','캔(350ml)','CMM0000031','CMM0000005',1,350);
INSERT INTO `TB_FS_UNIT` (FS_ID, FS_VAL, FS_NM_ENG, FS_NM, FS_DTL, CD_PRFX_ID, FS_TP_ID, BS_UNT_VAL, FS_UNT_VAL) VALUES ('C200000355', 1,'can(355ml)','캔(355ml)','캔(355ml)','CMM0000031','CMM0000005',1,355);
INSERT INTO `TB_FS_UNIT` (FS_ID, FS_VAL, FS_NM_ENG, FS_NM, FS_DTL, CD_PRFX_ID, FS_TP_ID, BS_UNT_VAL, FS_UNT_VAL) VALUES ('C200000500', 1,'can(500ml)','캔(500ml)','캔(500ml)','CMM0000031','CMM0000005',1,500);
INSERT INTO `TB_FS_UNIT` (FS_ID, FS_VAL, FS_NM_ENG, FS_NM, FS_DTL, CD_PRFX_ID, FS_TP_ID, BS_UNT_VAL, FS_UNT_VAL) VALUES ('C200001000', 1,'can(1000ml)','캔(1000ml)','캔(1000ml)','CMM0000031','CMM0000005',1,1000);
INSERT INTO `TB_FS_UNIT` (FS_ID, FS_VAL, FS_NM_ENG, FS_NM, FS_DTL, CD_PRFX_ID, FS_TP_ID, BS_UNT_VAL, FS_UNT_VAL) VALUES ('D000000100', 1,'dish(100g)','접시(100g)','접시(100g)','CMM0000033','CMM0000001',1,100);
INSERT INTO `TB_FS_UNIT` (FS_ID, FS_VAL, FS_NM_ENG, FS_NM, FS_DTL, CD_PRFX_ID, FS_TP_ID, BS_UNT_VAL, FS_UNT_VAL) VALUES ('D000000030', 1,'dish(30g)','접시(30g)','접시(30g)','CMM0000033','CMM0000001',1,30);
INSERT INTO `TB_FS_UNIT` (FS_ID, FS_VAL, FS_NM_ENG, FS_NM, FS_DTL, CD_PRFX_ID, FS_TP_ID, BS_UNT_VAL, FS_UNT_VAL) VALUES ('E000000150', 1,'EA(150ml)','개(150ml)','개(150ml)','CMM0000034','CMM0000005',1,150);
INSERT INTO `TB_FS_UNIT` (FS_ID, FS_VAL, FS_NM_ENG, FS_NM, FS_DTL, CD_PRFX_ID, FS_TP_ID, BS_UNT_VAL, FS_UNT_VAL) VALUES ('E000000160', 1,'EA(160ml)','개(160ml)','개(160ml)','CMM0000034','CMM0000005',1,160);
INSERT INTO `TB_FS_UNIT` (FS_ID, FS_VAL, FS_NM_ENG, FS_NM, FS_DTL, CD_PRFX_ID, FS_TP_ID, BS_UNT_VAL, FS_UNT_VAL) VALUES ('E100000100', 1,'EA(100g)','개(100g)','개(100g)','CMM0000035','CMM0000001',1,100);
INSERT INTO `TB_FS_UNIT` (FS_ID, FS_VAL, FS_NM_ENG, FS_NM, FS_DTL, CD_PRFX_ID, FS_TP_ID, BS_UNT_VAL, FS_UNT_VAL) VALUES ('E100000030', 1,'EA(30g)','개(30g)','개(30g)','CMM0000035','CMM0000001',1,30);
INSERT INTO `TB_FS_UNIT` (FS_ID, FS_VAL, FS_NM_ENG, FS_NM, FS_DTL, CD_PRFX_ID, FS_TP_ID, BS_UNT_VAL, FS_UNT_VAL) VALUES ('E100000350', 1,'EA(350g)','개(350g)','개(350g)','CMM0000035','CMM0000001',1,350);
INSERT INTO `TB_FS_UNIT` (FS_ID, FS_VAL, FS_NM_ENG, FS_NM, FS_DTL, CD_PRFX_ID, FS_TP_ID, BS_UNT_VAL, FS_UNT_VAL) VALUES ('G000000050', 1,'glass(50ml)','잔(50ml)','잔(50ml)','CMM0000037','CMM0000005',1,50);
INSERT INTO `TB_FS_UNIT` (FS_ID, FS_VAL, FS_NM_ENG, FS_NM, FS_DTL, CD_PRFX_ID, FS_TP_ID, BS_UNT_VAL, FS_UNT_VAL) VALUES ('G000000120', 1,'glass(120ml)','잔(120ml)','잔(120ml)','CMM0000037','CMM0000005',1,120);
INSERT INTO `TB_FS_UNIT` (FS_ID, FS_VAL, FS_NM_ENG, FS_NM, FS_DTL, CD_PRFX_ID, FS_TP_ID, BS_UNT_VAL, FS_UNT_VAL) VALUES ('G000000030', 1,'glass(30ml)','잔(30ml)','잔(30ml)','CMM0000037','CMM0000005',1,30);
INSERT INTO `TB_FS_UNIT` (FS_ID, FS_VAL, FS_NM_ENG, FS_NM, FS_DTL, CD_PRFX_ID, FS_TP_ID, BS_UNT_VAL, FS_UNT_VAL) VALUES ('P000000190', 1,'pack(190ml)','팩/봉(190ml)','팩/봉(190ml)','CMM0000039','CMM0000005',1,190);
INSERT INTO `TB_FS_UNIT` (FS_ID, FS_VAL, FS_NM_ENG, FS_NM, FS_DTL, CD_PRFX_ID, FS_TP_ID, BS_UNT_VAL, FS_UNT_VAL) VALUES ('P000000200', 1,'pack(200ml)','팩/봉(200ml)','팩/봉(200ml)','CMM0000039','CMM0000005',1,200);
INSERT INTO `TB_FS_UNIT` (FS_ID, FS_VAL, FS_NM_ENG, FS_NM, FS_DTL, CD_PRFX_ID, FS_TP_ID, BS_UNT_VAL, FS_UNT_VAL) VALUES ('P000000221', 1,'pack(22g)','팩/봉(22g)','팩/봉(22g)','CMM0000039','CMM0000001',1,22);
INSERT INTO `TB_FS_UNIT` (FS_ID, FS_VAL, FS_NM_ENG, FS_NM, FS_DTL, CD_PRFX_ID, FS_TP_ID, BS_UNT_VAL, FS_UNT_VAL) VALUES ('P100000012', 1,'pack(12g)','팩/봉(12g)','팩/봉(12g)','CMM0000040','CMM0000001',1,12);
INSERT INTO `TB_FS_UNIT` (FS_ID, FS_VAL, FS_NM_ENG, FS_NM, FS_DTL, CD_PRFX_ID, FS_TP_ID, BS_UNT_VAL, FS_UNT_VAL) VALUES ('P100000020', 1,'pack(20g)','팩/봉(20g)','팩/봉(20g)','CMM0000040','CMM0000001',1,20);
INSERT INTO `TB_FS_UNIT` (FS_ID, FS_VAL, FS_NM_ENG, FS_NM, FS_DTL, CD_PRFX_ID, FS_TP_ID, BS_UNT_VAL, FS_UNT_VAL) VALUES ('P100000030', 1,'pack(30g)','팩/봉(30g)','팩/봉(30g)','CMM0000040','CMM0000001',1,30);
INSERT INTO `TB_FS_UNIT` (FS_ID, FS_VAL, FS_NM_ENG, FS_NM, FS_DTL, CD_PRFX_ID, FS_TP_ID, BS_UNT_VAL, FS_UNT_VAL) VALUES ('P100000037', 1,'pack(37g)','팩/봉(37g)','팩/봉(37g)','CMM0000040','CMM0000001',1,37);
INSERT INTO `TB_FS_UNIT` (FS_ID, FS_VAL, FS_NM_ENG, FS_NM, FS_DTL, CD_PRFX_ID, FS_TP_ID, BS_UNT_VAL, FS_UNT_VAL) VALUES ('P100000039', 1,'pack(39g)','팩/봉(39g)','팩/봉(39g)','CMM0000040','CMM0000001',1,39);
INSERT INTO `TB_FS_UNIT` (FS_ID, FS_VAL, FS_NM_ENG, FS_NM, FS_DTL, CD_PRFX_ID, FS_TP_ID, BS_UNT_VAL, FS_UNT_VAL) VALUES ('P100000040', 1,'pack(40g)','팩/봉(40g)','팩/봉(40g)','CMM0000040','CMM0000001',1,40);
INSERT INTO `TB_FS_UNIT` (FS_ID, FS_VAL, FS_NM_ENG, FS_NM, FS_DTL, CD_PRFX_ID, FS_TP_ID, BS_UNT_VAL, FS_UNT_VAL) VALUES ('P100000042', 1,'pack(42g)','팩/봉(42g)','팩/봉(42g)','CMM0000040','CMM0000001',1,42);
INSERT INTO `TB_FS_UNIT` (FS_ID, FS_VAL, FS_NM_ENG, FS_NM, FS_DTL, CD_PRFX_ID, FS_TP_ID, BS_UNT_VAL, FS_UNT_VAL) VALUES ('P100000045', 1,'pack(45g)','팩/봉(45g)','팩/봉(45g)','CMM0000040','CMM0000001',1,45);
INSERT INTO `TB_FS_UNIT` (FS_ID, FS_VAL, FS_NM_ENG, FS_NM, FS_DTL, CD_PRFX_ID, FS_TP_ID, BS_UNT_VAL, FS_UNT_VAL) VALUES ('P100000046', 1,'pack(46g)','팩/봉(46g)','팩/봉(46g)','CMM0000040','CMM0000001',1,46);
INSERT INTO `TB_FS_UNIT` (FS_ID, FS_VAL, FS_NM_ENG, FS_NM, FS_DTL, CD_PRFX_ID, FS_TP_ID, BS_UNT_VAL, FS_UNT_VAL) VALUES ('P100000054', 1,'pack(54g)','팩/봉(54g)','팩/봉(54g)','CMM0000040','CMM0000001',1,54);
INSERT INTO `TB_FS_UNIT` (FS_ID, FS_VAL, FS_NM_ENG, FS_NM, FS_DTL, CD_PRFX_ID, FS_TP_ID, BS_UNT_VAL, FS_UNT_VAL) VALUES ('P100000056', 1,'pack(56g)','팩/봉(56g)','팩/봉(56g)','CMM0000040','CMM0000001',1,56);
INSERT INTO `TB_FS_UNIT` (FS_ID, FS_VAL, FS_NM_ENG, FS_NM, FS_DTL, CD_PRFX_ID, FS_TP_ID, BS_UNT_VAL, FS_UNT_VAL) VALUES ('P100000060', 1,'pack(60g)','팩/봉(60g)','팩/봉(60g)','CMM0000040','CMM0000001',1,60);
INSERT INTO `TB_FS_UNIT` (FS_ID, FS_VAL, FS_NM_ENG, FS_NM, FS_DTL, CD_PRFX_ID, FS_TP_ID, BS_UNT_VAL, FS_UNT_VAL) VALUES ('P100000066', 1,'pack(66g)','팩/봉(66g)','팩/봉(66g)','CMM0000040','CMM0000001',1,66);
INSERT INTO `TB_FS_UNIT` (FS_ID, FS_VAL, FS_NM_ENG, FS_NM, FS_DTL, CD_PRFX_ID, FS_TP_ID, BS_UNT_VAL, FS_UNT_VAL) VALUES ('P100000072', 1,'pack(72g)','팩/봉(72g)','팩/봉(72g)','CMM0000040','CMM0000001',1,72);
INSERT INTO `TB_FS_UNIT` (FS_ID, FS_VAL, FS_NM_ENG, FS_NM, FS_DTL, CD_PRFX_ID, FS_TP_ID, BS_UNT_VAL, FS_UNT_VAL) VALUES ('P100000078', 1,'pack(78g)','팩/봉(78g)','팩/봉(78g)','CMM0000040','CMM0000001',1,78);
INSERT INTO `TB_FS_UNIT` (FS_ID, FS_VAL, FS_NM_ENG, FS_NM, FS_DTL, CD_PRFX_ID, FS_TP_ID, BS_UNT_VAL, FS_UNT_VAL) VALUES ('P100000080', 1,'pack(80g)','팩/봉(80g)','팩/봉(80g)','CMM0000040','CMM0000001',1,80);
INSERT INTO `TB_FS_UNIT` (FS_ID, FS_VAL, FS_NM_ENG, FS_NM, FS_DTL, CD_PRFX_ID, FS_TP_ID, BS_UNT_VAL, FS_UNT_VAL) VALUES ('P100000082', 1,'pack(82g)','팩/봉(82g)','팩/봉(82g)','CMM0000040','CMM0000001',1,82);
INSERT INTO `TB_FS_UNIT` (FS_ID, FS_VAL, FS_NM_ENG, FS_NM, FS_DTL, CD_PRFX_ID, FS_TP_ID, BS_UNT_VAL, FS_UNT_VAL) VALUES ('P100000085', 1,'pack(85g)','팩/봉(85g)','팩/봉(85g)','CMM0000040','CMM0000001',1,85);
INSERT INTO `TB_FS_UNIT` (FS_ID, FS_VAL, FS_NM_ENG, FS_NM, FS_DTL, CD_PRFX_ID, FS_TP_ID, BS_UNT_VAL, FS_UNT_VAL) VALUES ('P100000090', 1,'pack(90g)','팩/봉(90g)','팩/봉(90g)','CMM0000040','CMM0000001',1,90);
INSERT INTO `TB_FS_UNIT` (FS_ID, FS_VAL, FS_NM_ENG, FS_NM, FS_DTL, CD_PRFX_ID, FS_TP_ID, BS_UNT_VAL, FS_UNT_VAL) VALUES ('P100000100', 1,'pack(100g)','팩/봉(100g)','팩/봉(100g)','CMM0000040','CMM0000001',1,100);
INSERT INTO `TB_FS_UNIT` (FS_ID, FS_VAL, FS_NM_ENG, FS_NM, FS_DTL, CD_PRFX_ID, FS_TP_ID, BS_UNT_VAL, FS_UNT_VAL) VALUES ('P100000115', 1,'pack(115g)','팩/봉(115g)','팩/봉(115g)','CMM0000040','CMM0000001',1,115);
INSERT INTO `TB_FS_UNIT` (FS_ID, FS_VAL, FS_NM_ENG, FS_NM, FS_DTL, CD_PRFX_ID, FS_TP_ID, BS_UNT_VAL, FS_UNT_VAL) VALUES ('P100000125', 1,'pack(125g)','팩/봉(125g)','팩/봉(125g)','CMM0000040','CMM0000001',1,125);
INSERT INTO `TB_FS_UNIT` (FS_ID, FS_VAL, FS_NM_ENG, FS_NM, FS_DTL, CD_PRFX_ID, FS_TP_ID, BS_UNT_VAL, FS_UNT_VAL) VALUES ('P100000194', 1,'pack(194g)','팩/봉(194g)','팩/봉(194g)','CMM0000040','CMM0000001',1,194);
INSERT INTO `TB_FS_UNIT` (FS_ID, FS_VAL, FS_NM_ENG, FS_NM, FS_DTL, CD_PRFX_ID, FS_TP_ID, BS_UNT_VAL, FS_UNT_VAL) VALUES ('P200000200', 1,'piece','인분(200g)','인분(200g)','CMM0000041','CMM0000001',1,200);
INSERT INTO `TB_FS_UNIT` (FS_ID, FS_VAL, FS_NM_ENG, FS_NM, FS_DTL, CD_PRFX_ID, FS_TP_ID, BS_UNT_VAL, FS_UNT_VAL) VALUES ('P100000232', 1,'pack(232g)','팩/봉(232g)','팩/봉(232g)','CMM0000040','CMM0000001',1,232);
INSERT INTO `TB_FS_UNIT` (FS_ID, FS_VAL, FS_NM_ENG, FS_NM, FS_DTL, CD_PRFX_ID, FS_TP_ID, BS_UNT_VAL, FS_UNT_VAL) VALUES ('P100000340', 1,'pack(340g)','팩/봉(340g)','팩/봉(340g)','CMM0000040','CMM0000001',1,340);
INSERT INTO `TB_FS_UNIT` (FS_ID, FS_VAL, FS_NM_ENG, FS_NM, FS_DTL, CD_PRFX_ID, FS_TP_ID, BS_UNT_VAL, FS_UNT_VAL) VALUES ('P200000050', 1,'piece(50g)','개/조각(50g)','개/조각(50g)','CMM0000041','CMM0000001',1,50);
INSERT INTO `TB_FS_UNIT` (FS_ID, FS_VAL, FS_NM_ENG, FS_NM, FS_DTL, CD_PRFX_ID, FS_TP_ID, BS_UNT_VAL, FS_UNT_VAL) VALUES ('P200000054', 1,'piece(54g)','개/조각(54g)','개/조각(54g)','CMM0000041','CMM0000001',1,54);
INSERT INTO `TB_FS_UNIT` (FS_ID, FS_VAL, FS_NM_ENG, FS_NM, FS_DTL, CD_PRFX_ID, FS_TP_ID, BS_UNT_VAL, FS_UNT_VAL) VALUES ('P200000100', 1,'piece(100g)','개/조각(100g)','개/조각(100g)','CMM0000041','CMM0000001',1,100);
INSERT INTO `TB_FS_UNIT` (FS_ID, FS_VAL, FS_NM_ENG, FS_NM, FS_DTL, CD_PRFX_ID, FS_TP_ID, BS_UNT_VAL, FS_UNT_VAL) VALUES ('P300000150', 1,'piece','인분(150g)','인분(150g)','CMM0000042','CMM0000001',1,150);
INSERT INTO `TB_FS_UNIT` (FS_ID, FS_VAL, FS_NM_ENG, FS_NM, FS_DTL, CD_PRFX_ID, FS_TP_ID, BS_UNT_VAL, FS_UNT_VAL) VALUES ('P300000152', 1,'piece','인분(152g)','인분(152g)','CMM0000042','CMM0000001',1,152);
INSERT INTO `TB_FS_UNIT` (FS_ID, FS_VAL, FS_NM_ENG, FS_NM, FS_DTL, CD_PRFX_ID, FS_TP_ID, BS_UNT_VAL, FS_UNT_VAL) VALUES ('P300000180', 1,'piece','인분(180g)','인분(180g)','CMM0000042','CMM0000001',1,180);
INSERT INTO `TB_FS_UNIT` (FS_ID, FS_VAL, FS_NM_ENG, FS_NM, FS_DTL, CD_PRFX_ID, FS_TP_ID, BS_UNT_VAL, FS_UNT_VAL) VALUES ('P300000200', 1,'piece','인분(200g)','인분(200g)','CMM0000042','CMM0000001',1,200);
INSERT INTO `TB_FS_UNIT` (FS_ID, FS_VAL, FS_NM_ENG, FS_NM, FS_DTL, CD_PRFX_ID, FS_TP_ID, BS_UNT_VAL, FS_UNT_VAL) VALUES ('P300000250', 1,'piece','인분(250g)','인분(250g)','CMM0000042','CMM0000001',1,250);
INSERT INTO `TB_FS_UNIT` (FS_ID, FS_VAL, FS_NM_ENG, FS_NM, FS_DTL, CD_PRFX_ID, FS_TP_ID, BS_UNT_VAL, FS_UNT_VAL) VALUES ('E200000001', 1,'Stick','스틱','스틱','CMM0000036','CMM0000036',1,1);

--
-- Table structure for table `TB_FS_FDCL`
--

DROP TABLE IF EXISTS `TB_FS_FDCL`;
CREATE TABLE `TB_FS_FDCL` (
  `FDCL_ID` varchar(10) NOT NULL,
  `FDCL_ENG_NM` varchar(100) DEFAULT NULL,
  `FDCL_NM` varchar(100) DEFAULT NULL,
  `FD_TP_ID` varchar(10) DEFAULT NULL,
  `FD_UNIT_ID` VARCHAR(50) DEFAULT NULL,
  `UNT_CL_VAL` decimal(10,5) DEFAULT NULL,
  `USE_YN` char(1) DEFAULT 'Y',
  `REG_DT` datetime DEFAULT CURRENT_TIMESTAMP,
  `UDP_DT` datetime DEFAULT NULL ON UPDATE CURRENT_TIMESTAMP,
  PRIMARY KEY (`FDCL_ID`)
) ENGINE=InnoDB DEFAULT CHARSET=utf8;

INSERT INTO `TB_FS_FDCL` (FDCL_ID,FDCL_ENG_NM,FDCL_NM,FD_TP_ID,FD_UNIT_ID,UNT_CL_VAL) VALUES ('S000000001','corn','강냉이','CMM0000007','P100000100',419.00);
INSERT INTO `TB_FS_FDCL` (FDCL_ID,FDCL_ENG_NM,FDCL_NM,FD_TP_ID,FD_UNIT_ID,UNT_CL_VAL) VALUES ('S000000002','potato chips','감자칩','CMM0000007','P100000050',210.00);
INSERT INTO `TB_FS_FDCL` (FDCL_ID,FDCL_ENG_NM,FDCL_NM,FD_TP_ID,FD_UNIT_ID,UNT_CL_VAL) VALUES ('S000000003','whale rice','고래밥','CMM0000007','P100000056',251.00);
INSERT INTO `TB_FS_FDCL` (FDCL_ID,FDCL_ENG_NM,FDCL_NM,FD_TP_ID,FD_UNIT_ID,UNT_CL_VAL) VALUES ('S000000004','diget','다이제스티브','CMM0000007','P100000046',939.00);
INSERT INTO `TB_FS_FDCL` (FDCL_ID,FDCL_ENG_NM,FDCL_NM,FD_TP_ID,FD_UNIT_ID,UNT_CL_VAL) VALUES ('S000000005','Shrimp Crackers','새우깡','CMM0000007','P100000090',465.00);
INSERT INTO `TB_FS_FDCL` (FDCL_ID,FDCL_ENG_NM,FDCL_NM,FD_TP_ID,FD_UNIT_ID,UNT_CL_VAL) VALUES ('S000000006','Wafers','웨하스','CMM0000007','P100000125',646.25);
INSERT INTO `TB_FS_FDCL` (FDCL_ID,FDCL_ENG_NM,FDCL_NM,FD_TP_ID,FD_UNIT_ID,UNT_CL_VAL) VALUES ('S000000007','Jjanggu','짱구','CMM0000007','P100000030',155.00);
INSERT INTO `TB_FS_FDCL` (FDCL_ID,FDCL_ENG_NM,FDCL_NM,FD_TP_ID,FD_UNIT_ID,UNT_CL_VAL) VALUES ('S000000008','Cheetos','치토스','CMM0000007','P100000054',315.00);
INSERT INTO `TB_FS_FDCL` (FDCL_ID,FDCL_ENG_NM,FDCL_NM,FD_TP_ID,FD_UNIT_ID,UNT_CL_VAL) VALUES ('S000000009','Indianbob','인디안밥','CMM0000007','P100000045',230.00);
INSERT INTO `TB_FS_FDCL` (FDCL_ID,FDCL_ENG_NM,FDCL_NM,FD_TP_ID,FD_UNIT_ID,UNT_CL_VAL) VALUES ('S000000010','Goraebob','고래밥','CMM0000007','P100000040',186.00);
INSERT INTO `TB_FS_FDCL` (FDCL_ID,FDCL_ENG_NM,FDCL_NM,FD_TP_ID,FD_UNIT_ID,UNT_CL_VAL) VALUES ('S000000011','Homerun Ball','홈런볼','CMM0000007','P100000046',270.00);
INSERT INTO `TB_FS_FDCL` (FDCL_ID,FDCL_ENG_NM,FDCL_NM,FD_TP_ID,FD_UNIT_ID,UNT_CL_VAL) VALUES ('S000000012','Gamjakang','감자깡','CMM0000007','P100000042',210.00);
INSERT INTO `TB_FS_FDCL` (FDCL_ID,FDCL_ENG_NM,FDCL_NM,FD_TP_ID,FD_UNIT_ID,UNT_CL_VAL) VALUES ('S000000014','Gunbbang','건빵','CMM0000007','P100000340',1360.00);
INSERT INTO `TB_FS_FDCL` (FDCL_ID,FDCL_ENG_NM,FDCL_NM,FD_TP_ID,FD_UNIT_ID,UNT_CL_VAL) VALUES ('S000000015','Margaret','마가랫트','CMM0000007','P100000060',168.00);
INSERT INTO `TB_FS_FDCL` (FDCL_ID,FDCL_ENG_NM,FDCL_NM,FD_TP_ID,FD_UNIT_ID,UNT_CL_VAL) VALUES ('S000000016','Pocky','빼빼로','CMM0000007','P100000046',225.00);
INSERT INTO `TB_FS_FDCL` (FDCL_ID,FDCL_ENG_NM,FDCL_NM,FD_TP_ID,FD_UNIT_ID,UNT_CL_VAL) VALUES ('S000000017','Ssallobyul','쌀로별','CMM0000007','P100000078',430.00);
INSERT INTO `TB_FS_FDCL` (FDCL_ID,FDCL_ENG_NM,FDCL_NM,FD_TP_ID,FD_UNIT_ID,UNT_CL_VAL) VALUES ('S000000018','Apple Pie','애플파이','CMM0000007','P100000085',345.00);
INSERT INTO `TB_FS_FDCL` (FDCL_ID,FDCL_ENG_NM,FDCL_NM,FD_TP_ID,FD_UNIT_ID,UNT_CL_VAL) VALUES ('S000000019','Chocopie','초코파이','CMM0000007','P100000039',171.00);
INSERT INTO `TB_FS_FDCL` (FDCL_ID,FDCL_ENG_NM,FDCL_NM,FD_TP_ID,FD_UNIT_ID,UNT_CL_VAL) VALUES ('S000000020','Pokachip','포카칩','CMM0000007','P100000066',377.00);
INSERT INTO `TB_FS_FDCL` (FDCL_ID,FDCL_ENG_NM,FDCL_NM,FD_TP_ID,FD_UNIT_ID,UNT_CL_VAL) VALUES ('D000000001','Gatorade','게토레이','CMM0000008','C200000240',65.00);
INSERT INTO `TB_FS_FDCL` (FDCL_ID,FDCL_ENG_NM,FDCL_NM,FD_TP_ID,FD_UNIT_ID,UNT_CL_VAL) VALUES ('D000000002','Coca Cola','코카콜라','CMM0000008','C200000250',110.00);
INSERT INTO `TB_FS_FDCL` (FDCL_ID,FDCL_ENG_NM,FDCL_NM,FD_TP_ID,FD_UNIT_ID,UNT_CL_VAL) VALUES ('D000000003','Coca Cola-zero','코카콜라제로','CMM0000008','C200000250',0.00);
INSERT INTO `TB_FS_FDCL` (FDCL_ID,FDCL_ENG_NM,FDCL_NM,FD_TP_ID,FD_UNIT_ID,UNT_CL_VAL) VALUES ('D000000004','Chilsung Cida','칠성사이다','CMM0000008','C200000250',125.00);
INSERT INTO `TB_FS_FDCL` (FDCL_ID,FDCL_ENG_NM,FDCL_NM,FD_TP_ID,FD_UNIT_ID,UNT_CL_VAL) VALUES ('D000000005','Kanu','카누(커피)','CMM0000008','E200000001',3.00);
INSERT INTO `TB_FS_FDCL` (FDCL_ID,FDCL_ENG_NM,FDCL_NM,FD_TP_ID,FD_UNIT_ID,UNT_CL_VAL) VALUES ('D000000006','Americano','아메리카노(커피)','CMM0000008','C000000335',10.00);
INSERT INTO `TB_FS_FDCL` (FDCL_ID,FDCL_ENG_NM,FDCL_NM,FD_TP_ID,FD_UNIT_ID,UNT_CL_VAL) VALUES ('D000000007','Cafelatee','카페라떼(커피)','CMM0000008','C000000250',110.00);
INSERT INTO `TB_FS_FDCL` (FDCL_ID,FDCL_ENG_NM,FDCL_NM,FD_TP_ID,FD_UNIT_ID,UNT_CL_VAL) VALUES ('D000000008','Cafee&Milk','카피우유','CMM0000008','C000000250',153.00);
INSERT INTO `TB_FS_FDCL` (FDCL_ID,FDCL_ENG_NM,FDCL_NM,FD_TP_ID,FD_UNIT_ID,UNT_CL_VAL) VALUES ('D000000009','Sickhye','식혜','CMM0000008','C000000250',222.00);
INSERT INTO `TB_FS_FDCL` (FDCL_ID,FDCL_ENG_NM,FDCL_NM,FD_TP_ID,FD_UNIT_ID,UNT_CL_VAL) VALUES ('D000000010','Milk','우유','CMM0000008','C000000250',150.00);
INSERT INTO `TB_FS_FDCL` (FDCL_ID,FDCL_ENG_NM,FDCL_NM,FD_TP_ID,FD_UNIT_ID,UNT_CL_VAL) VALUES ('A000000001','Soju','소주','CMM0000009','C000000050',60.00);
INSERT INTO `TB_FS_FDCL` (FDCL_ID,FDCL_ENG_NM,FDCL_NM,FD_TP_ID,FD_UNIT_ID,UNT_CL_VAL) VALUES ('A000000002','Beer','맥주','CMM0000009','C200000350',160.00);
INSERT INTO `TB_FS_FDCL` (FDCL_ID,FDCL_ENG_NM,FDCL_NM,FD_TP_ID,FD_UNIT_ID,UNT_CL_VAL) VALUES ('A000000003','Beer','생맥주','CMM0000009','C000000500',180.00);
INSERT INTO `TB_FS_FDCL` (FDCL_ID,FDCL_ENG_NM,FDCL_NM,FD_TP_ID,FD_UNIT_ID,UNT_CL_VAL) VALUES ('FR00000001','Persimmon','단감','CMM0000010','P200000100',44.00);
INSERT INTO `TB_FS_FDCL` (FDCL_ID,FDCL_ENG_NM,FDCL_NM,FD_TP_ID,FD_UNIT_ID,UNT_CL_VAL) VALUES ('FR00000002','Gojgam','곶감','CMM0000010','P200000100',240.00);
INSERT INTO `TB_FS_FDCL` (FDCL_ID,FDCL_ENG_NM,FDCL_NM,FD_TP_ID,FD_UNIT_ID,UNT_CL_VAL) VALUES ('FR00000003','Apple','사과','CMM0000010','P200000100',57.00);
INSERT INTO `TB_FS_FDCL` (FDCL_ID,FDCL_ENG_NM,FDCL_NM,FD_TP_ID,FD_UNIT_ID,UNT_CL_VAL) VALUES ('FR00000004','Melon','참외','CMM0000010','P200000100',31.00);
INSERT INTO `TB_FS_FDCL` (FDCL_ID,FDCL_ENG_NM,FDCL_NM,FD_TP_ID,FD_UNIT_ID,UNT_CL_VAL) VALUES ('FR00000005','Watermelon','수박','CMM0000010','P200000100',31.00);
INSERT INTO `TB_FS_FDCL` (FDCL_ID,FDCL_ENG_NM,FDCL_NM,FD_TP_ID,FD_UNIT_ID,UNT_CL_VAL) VALUES ('FR00000006','Grape','포도','CMM0000010','P200000100',31.00);
INSERT INTO `TB_FS_FDCL` (FDCL_ID,FDCL_ENG_NM,FDCL_NM,FD_TP_ID,FD_UNIT_ID,UNT_CL_VAL) VALUES ('FR00000007','tomato','토마토','CMM0000010','P200000100',14.00);
INSERT INTO `TB_FS_FDCL` (FDCL_ID,FDCL_ENG_NM,FDCL_NM,FD_TP_ID,FD_UNIT_ID,UNT_CL_VAL) VALUES ('FR00000008','Strawberry','딸기','CMM0000010','P200000100',27.00);
INSERT INTO `TB_FS_FDCL` (FDCL_ID,FDCL_ENG_NM,FDCL_NM,FD_TP_ID,FD_UNIT_ID,UNT_CL_VAL) VALUES ('FR00000009','Cherry tomato','방울토마토','CMM0000010','P200000100',16.00);
INSERT INTO `TB_FS_FDCL` (FDCL_ID,FDCL_ENG_NM,FDCL_NM,FD_TP_ID,FD_UNIT_ID,UNT_CL_VAL) VALUES ('FR00000010','Peach','복숭아','CMM0000010','P200000100',34.00);
INSERT INTO `TB_FS_FDCL` (FDCL_ID,FDCL_ENG_NM,FDCL_NM,FD_TP_ID,FD_UNIT_ID,UNT_CL_VAL) VALUES ('FR00000011','Banana','바나나','CMM0000010','P200000100',93.00);
INSERT INTO `TB_FS_FDCL` (FDCL_ID,FDCL_ENG_NM,FDCL_NM,FD_TP_ID,FD_UNIT_ID,UNT_CL_VAL) VALUES ('FR00000012','Kiwi','키위','CMM0000010','P200000100',55.00);
INSERT INTO `TB_FS_FDCL` (FDCL_ID,FDCL_ENG_NM,FDCL_NM,FD_TP_ID,FD_UNIT_ID,UNT_CL_VAL) VALUES ('M000000001','Pork cutlet','돈까스','CMM0000011','P300000250',700.00);
INSERT INTO `TB_FS_FDCL` (FDCL_ID,FDCL_ENG_NM,FDCL_NM,FD_TP_ID,FD_UNIT_ID,UNT_CL_VAL) VALUES ('M000000002','Hamburger steak','햄벅스테이크','CMM0000011','P300000152',350.00);
INSERT INTO `TB_FS_FDCL` (FDCL_ID,FDCL_ENG_NM,FDCL_NM,FD_TP_ID,FD_UNIT_ID,UNT_CL_VAL) VALUES ('M000000003','Rice','공기밥','CMM0000011','B300000200',240.00);


--
-- Table structure for table `TB_FS_MEMBER`
--

DROP TABLE IF EXISTS `TB_FS_MEMBER`;
CREATE TABLE `TB_FS_MEMBER` (
  `MBR_ID` varchar(10) NOT NULL,
  `MBR_NM` varchar(50) NOT NULL,
  `MBR_EMLADDR` varchar(50) DEFAULT NULL,
  `MBR_GNDR_ID` varchar(10) DEFAULT NULL,
  `BRTH_DAY` varchar(8) DEFAULT NULL,
  `HEIGHT` int(11) DEFAULT NULL,
  `ROLE_ID` varchar(10) NOT NULL,
  `PASSWORD` varchar(256) DEFAULT NULL,
  `USE_YN` char(1) DEFAULT 'Y',
  `REG_DT` datetime DEFAULT CURRENT_TIMESTAMP,
  `UDP_DT` datetime DEFAULT NULL ON UPDATE CURRENT_TIMESTAMP,
  PRIMARY KEY (`MBR_ID`),
  UNIQUE KEY `ukMbrKey` (`MBR_EMLADDR`)
) ENGINE=InnoDB DEFAULT CHARSET=utf8;

INSERT INTO `TB_FS_MEMBER` (MBR_ID,MBR_NM,MBR_EMLADDR,MBR_GNDR_ID,BRTH_DAY,HEIGHT,ROLE_ID,PASSWORD) VALUES ('U000000001','김소현','sohyun@email.com','CMM0000021','19990604',165,'CMM0000022','1q2w3e4r5t');
INSERT INTO `TB_FS_MEMBER` (MBR_ID,MBR_NM,MBR_EMLADDR,MBR_GNDR_ID,BRTH_DAY,HEIGHT,ROLE_ID,PASSWORD) VALUES ('U000000002','김유정','yoojung@email.com','CMM0000021','19991004',163,'CMM0000022','1q2w3e4r5t');
INSERT INTO `TB_FS_MEMBER` (MBR_ID,MBR_NM,MBR_EMLADDR,MBR_GNDR_ID,BRTH_DAY,HEIGHT,ROLE_ID,PASSWORD) VALUES ('U000000003','임준규','junkyu@email.com','CMM0000020','19991212',176,'CMM0000024','1q2w3e4r5t');
INSERT INTO `TB_FS_MEMBER` (MBR_ID,MBR_NM,MBR_EMLADDR,MBR_GNDR_ID,BRTH_DAY,HEIGHT,ROLE_ID,PASSWORD) VALUES ('U000000004','임남규','namkyu@email.com','CMM0000020','2000',170,'CMM0000023','1q2w3e4r5t');
INSERT INTO `TB_FS_MEMBER` (MBR_ID,MBR_NM,MBR_EMLADDR,MBR_GNDR_ID,BRTH_DAY,HEIGHT,ROLE_ID,PASSWORD) VALUES ('U000000005','김제니','jennie@email.com','CMM0000021','19960116',163,'CMM0000022','1q2w3e4r5t');
